{
  "project_info": {
    "project_number": "1024950614663",
    "firebase_url": "https://nearbydemo-4813b.firebaseio.com",
    "project_id": "nearbydemo-4813b",
    "storage_bucket": "nearbydemo-4813b.appspot.com"
  },
  "client": [
    {
      "client_info": {
        "mobilesdk_app_id": "1:1024950614663:android:bdeb1f296a487db3",
        "android_client_info": {
          "package_name": "com.example.retar.nearbydemo"
        }
      },
      "oauth_client": [
        {
          "client_id": "1024950614663-g3t75ti57vt61a7emsttidq1q8n8d1uf.apps.googleusercontent.com",
          "client_type": 1,
          "android_info": {
            "package_name": "com.example.retar.nearbydemo",
            "certificate_hash": "82998590089c4994de735115ef46e038d98384cf"
          }
        },
        {
          "client_id": "1024950614663-g1j6m63ga49kq2nf1lmaqn7i15i2bjdg.apps.googleusercontent.com",
          "client_type": 3
        }
      ],
      "api_key": [
        {
          "current_key": "AIzaSyDTj1UARl7F48bAvSPg0xEh086bkjdLV2g"
        }
      ],
      "services": {
        "analytics_service": {
          "status": 1
        },
        "appinvite_service": {
          "status": 2,
          "other_platform_oauth_client": [
            {
              "client_id": "1024950614663-g1j6m63ga49kq2nf1lmaqn7i15i2bjdg.apps.googleusercontent.com",
              "client_type": 3
            }
          ]
        },
        "ads_service": {
          "status": 2
        }
      }
    }
  ],
  "configuration_version": "1"
}